run_index,tool,mode
1,uv,cold
2,uv,warm
3,pip,lock
4,uv,warm
5,pip,lock
6,uv,warm
7,uv,cold
8,poetry,lock
9,pip,lock
10,uv,cold
11,poetry,cold
12,pip,cold
13,uv,lock
14,poetry,cold
15,pip,cold
16,uv,warm
17,uv,lock
18,uv,warm
19,uv,cold
20,pip,cold
21,pip,warm
22,uv,cold
23,uv,lock
24,uv,lock
25,uv,warm
26,poetry,warm
27,uv,warm
28,pip,warm
29,uv,cold
30,pip,warm
31,poetry,lock
32,poetry,cold
33,pip,warm
34,uv,lock
35,uv,warm
36,poetry,cold
37,pip,warm
38,pip,lock
39,poetry,cold
40,pip,cold
41,pip,lock
42,pip,cold
43,poetry,warm
44,poetry,warm
45,pip,cold
46,poetry,cold
47,poetry,warm
48,uv,lock
49,pip,warm
50,uv,warm
51,pip,warm
52,uv,cold
53,pip,lock
54,uv,cold
55,poetry,warm
56,poetry,cold
57,poetry,warm
58,uv,warm
59,poetry,cold
60,uv,warm
61,uv,lock
62,uv,cold
63,pip,warm
64,pip,lock
65,pip,cold
66,uv,lock
67,pip,lock
68,uv,lock
69,poetry,cold
70,poetry,cold
71,poetry,warm
72,poetry,lock
73,poetry,lock
74,uv,warm
75,poetry,lock
76,uv,cold
77,uv,lock
78,poetry,lock
79,poetry,warm
80,pip,lock
81,uv,cold
82,uv,lock
83,uv,lock
84,poetry,lock
85,pip,cold
86,poetry,cold
87,poetry,cold
88,uv,lock
89,pip,cold
90,pip,lock
91,uv,warm
92,uv,lock
93,pip,lock
94,pip,warm
95,poetry,warm
96,poetry,warm
97,uv,lock
98,poetry,cold
99,pip,warm
100,pip,cold
101,uv,lock
102,pip,lock
103,pip,warm
104,poetry,warm
105,uv,warm
106,pip,cold
107,pip,cold
108,pip,lock
109,poetry,lock
110,poetry,lock
111,pip,cold
112,poetry,lock
113,uv,cold
114,poetry,warm
115,pip,warm
116,uv,cold
117,poetry,cold
118,poetry,lock
119,uv,warm
120,pip,cold
121,poetry,cold
122,pip,lock
123,pip,lock
124,pip,lock
125,uv,cold
126,uv,cold
127,uv,lock
128,uv,warm
129,pip,warm
130,poetry,warm
131,pip,lock
132,poetry,cold
133,uv,cold
134,poetry,lock
135,pip,warm
136,poetry,lock
137,pip,cold
138,pip,warm
139,uv,lock
140,poetry,warm
141,uv,warm
142,pip,warm
143,poetry,lock
144,uv,cold
145,uv,lock
146,pip,lock
147,uv,warm
148,poetry,warm
149,uv,lock
150,uv,warm
151,poetry,cold
152,pip,warm
153,poetry,cold
154,pip,cold
155,uv,lock
156,uv,cold
157,uv,cold
158,uv,cold
159,pip,warm
160,uv,warm
161,uv,lock
162,pip,lock
163,pip,warm
164,uv,cold
165,uv,cold
166,pip,warm
167,uv,lock
168,poetry,cold
169,poetry,warm
170,poetry,lock
171,poetry,cold
172,poetry,lock
173,uv,warm
174,poetry,warm
175,pip,cold
176,poetry,lock
177,pip,cold
178,poetry,warm
179,poetry,lock
180,poetry,cold
181,pip,cold
182,uv,cold
183,pip,cold
184,poetry,lock
185,poetry,cold
186,pip,cold
187,poetry,cold
188,poetry,warm
189,pip,lock
190,poetry,warm
191,poetry,warm
192,poetry,lock
193,poetry,lock
194,uv,lock
195,pip,warm
196,pip,lock
197,pip,lock
198,poetry,lock
199,poetry,warm
200,poetry,lock
201,poetry,lock
202,poetry,warm
203,pip,lock
204,uv,lock
205,uv,cold
206,pip,cold
207,pip,cold
208,poetry,lock
209,pip,warm
210,poetry,warm
211,poetry,lock
212,uv,warm
213,pip,cold
214,pip,warm
215,uv,warm
216,poetry,warm
217,uv,warm
218,pip,lock
219,uv,lock
220,poetry,lock
221,pip,cold
222,pip,warm
223,uv,cold
224,uv,warm
225,pip,cold
226,uv,cold
227,pip,warm
228,pip,lock
229,pip,warm
230,uv,lock
231,uv,warm
232,uv,warm
233,uv,warm
234,pip,cold
235,uv,warm
236,poetry,lock
237,pip,lock
238,pip,warm
239,pip,warm
240,uv,cold
241,poetry,warm
242,poetry,cold
243,pip,lock
244,poetry,warm
245,pip,warm
246,uv,cold
247,poetry,warm
248,pip,lock
249,uv,cold
250,poetry,cold
251,poetry,cold
252,uv,lock
253,pip,lock
254,uv,cold
255,poetry,lock
256,uv,warm
257,poetry,lock
258,uv,lock
259,poetry,warm
260,pip,cold
261,poetry,warm
262,pip,cold
263,pip,lock
264,poetry,cold
265,poetry,cold
266,poetry,cold
267,poetry,cold
268,pip,cold
269,uv,lock
270,pip,warm
